Artikelnummer,Produktname,Beschreibung,Warengruppe,Hersteller,Lagerbestand,Mindestmeldebestand,Verkaufspreis (VK),Rabatt,UVP,Größe,Farbe,Tag für Crossselling,Verfügbarkeit,last_updated
OUTD-0001,Outdoor-Bekleidung XL – Grün,"Hochwertiger outdoor-bekleidung in der Größe XL und Farbe Grün, ideal für Outdoor-Abenteuer.",Outdoor-Bekleidung,Jack Wolfskin,150,15,222.13,20,277.66,XL,Grün,ideal_für_zelt,Sofort lieferbar,2025-08-05
OUTD-0002,Trekkingstöcke M – Schwarz,"Hochwertiger trekkingstöcke in der Größe M und Farbe Schwarz, ideal für Outdoor-Abenteuer.",Trekkingstöcke,Mammut,82,19,126.22,20,157.77,M,Schwarz,ideal_für_zelt,Nicht auf Lager,2025-08-05
OUTD-0003,Isomatten 2-Personen – Rot,"Hochwertiger isomatten in der Größe 2-Personen und Farbe Rot, ideal für Outdoor-Abenteuer.",Isomatten,Jack Wolfskin,118,18,91.86,5,96.7,2-Personen,Rot,ergänzt_bekleidung,Nicht auf Lager,2025-08-05
OUTD-0004,Trekkingstöcke 60L – Grau,"Hochwertiger trekkingstöcke in der Größe 60L und Farbe Grau, ideal für Outdoor-Abenteuer.",Trekkingstöcke,Mammut,53,17,166.41,5,175.17,60L,Grau,passend_zu_rucksack,Vorbestellung,2025-08-05
OUTD-0005,Trekkingstöcke 3-Personen – Rot,"Hochwertiger trekkingstöcke in der Größe 3-Personen und Farbe Rot, ideal für Outdoor-Abenteuer.",Trekkingstöcke,Columbia,66,7,180.04,15,211.81,3-Personen,Rot,passend_zu_rucksack,Vorbestellung,2025-08-05
OUTD-0006,Zelte XL – Oliv,"Hochwertiger zelte in der Größe XL und Farbe Oliv, ideal für Outdoor-Abenteuer.",Zelte,Jack Wolfskin,109,8,221.65,15,260.76,XL,Oliv,ergänzt_bekleidung,Nicht auf Lager,2025-08-05
OUTD-0007,Zelte 60L – Grau,"Hochwertiger zelte in der Größe 60L und Farbe Grau, ideal für Outdoor-Abenteuer.",Zelte,Mammut,48,17,214.8,0,214.8,60L,Grau,kombinierbar_mit_schlafsack,2–3 Werktage,2025-08-05
OUTD-0008,Trekkingstöcke 60L – Schwarz,"Hochwertiger trekkingstöcke in der Größe 60L und Farbe Schwarz, ideal für Outdoor-Abenteuer.",Trekkingstöcke,Deuter,147,10,85.54,20,106.93,60L,Schwarz,für_wanderschuhe,Nicht auf Lager,2025-08-05
OUTD-0009,Trekkingstöcke S – Blau,"Hochwertiger trekkingstöcke in der Größe S und Farbe Blau, ideal für Outdoor-Abenteuer.",Trekkingstöcke,Mammut,88,15,146.59,5,154.3,S,Blau,für_wanderschuhe,Sofort lieferbar,2025-08-05
OUTD-0010,Zelte 2-Personen – Rot,"Hochwertiger zelte in der Größe 2-Personen und Farbe Rot, ideal für Outdoor-Abenteuer.",Zelte,Columbia,3,7,92.19,5,97.04,2-Personen,Rot,kombinierbar_mit_schlafsack,Vorbestellung,2025-08-05
OUTD-0011,Isomatten L – Orange,"Hochwertiger isomatten in der Größe L und Farbe Orange, ideal für Outdoor-Abenteuer.",Isomatten,The North Face,12,12,220.03,10,255.59,L,Orange,ergänzt_bekleidung,Nicht auf Lager,2025-08-05
OUTD-0012,Rucksäcke XL – Rot,"Hochwertiger rucksäcke in der Größe XL und Farbe Rot, ideal für Outdoor-Abenteuer.",Rucksäcke,Jack Wolfskin,90,12,76.06,0,76.06,XL,Rot,passend_zu_rucksack,2–3 Werktage,2025-08-05
OUTD-0013,Trekkingstöcke 3-Personen – Rot,"Hochwertiger trekkingstöcke in der Größe 3-Personen und Farbe Rot, ideal für Outdoor-Abenteuer.",Trekkingstöcke,Deuter,20,13,166.58,5,175.35,3-Personen,Rot,kombinierbar_mit_schlafsack,Vorbestellung,2025-08-05
OUTD-0014,Zelte 3-Personen – Oliv,"Hochwertiger zelte in der Größe 3-Personen und Farbe Oliv, ideal für Outdoor-Abenteuer.",Zelte,Jack Wolfskin,110,6,213.19,5,224.41,3-Personen,Oliv,passend_zu_rucksack,2–3 Werktage,2025-08-05
OUTD-0015,Wanderschuhe 60L – Grau,"Hochwertiger wanderschuhe in der Größe 60L und Farbe Grau, ideal für Outdoor-Abenteuer.",Wanderschuhe,Jack Wolfskin,64,18,100.06,10,111.18,60L,Grau,ideal_für_zelt,2–3 Werktage,2025-08-05
OUTD-0016,Zelte 60L – Grau,"Hochwertiger zelte in der Größe 60L und Farbe Grau, ideal für Outdoor-Abenteuer.",Zelte,Vaude,91,11,156.29,15,183.87,60L,Grau,ideal_für_zelt,2–3 Werktage,2025-08-05
OUTD-0017,Zelte M – Rot,"Hochwertiger zelte in der Größe M und Farbe Rot, ideal für Outdoor-Abenteuer.",Zelte,Jack Wolfskin,27,8,208.13,20,260.16,M,Rot,für_wanderschuhe,Nicht auf Lager,2025-08-05
OUTD-0018,Isomatten 60L – Schwarz,"Hochwertiger isomatten in der Größe 60L und Farbe Schwarz, ideal für Outdoor-Abenteuer.",Isomatten,Vaude,69,10,78.78,10,87.53,60L,Schwarz,ergänzt_bekleidung,Sofort lieferbar,2025-08-05
OUTD-0019,Rucksäcke One Size – Oliv,"Hochwertiger rucksäcke in der Größe One Size und Farbe Oliv, ideal für Outdoor-Abenteuer.",Rucksäcke,Vaude,1,14,241.06,15,283.6,One Size,Oliv,passend_zu_rucksack,Sofort lieferbar,2025-08-05
OUTD-0020,Trekkingstöcke 2-Personen – Rot,"Hochwertiger trekkingstöcke in der Größe 2-Personen und Farbe Rot, ideal für Outdoor-Abenteuer.",Trekkingstöcke,Columbia,15,17,160.02,20,200.03,2-Personen,Rot,passend_zu_rucksack,Sofort lieferbar,2025-08-05
OUTD-0021,Rucksäcke S – Grau,"Hochwertiger rucksäcke in der Größe S und Farbe Grau, ideal für Outdoor-Abenteuer.",,Columbia,37,19,49.22,20,61.52,S,Grau,ergänzt_bekleidung,Nicht auf Lager,2025-08-05
OUTD-0022,Zelte XL – Rot,"Hochwertiger zelte in der Größe XL und Farbe Rot, ideal für Outdoor-Abenteuer.",Zelte,Jack Wolfskin,80,18,224.26,20,280.33,XL,Rot,ergänzt_bekleidung,Vorbestellung,2025-08-05
OUTD-0023,Schlafsäcke 3-Personen – Grau,"Hochwertiger schlafsäcke in der Größe 3-Personen und Farbe Grau, ideal für Outdoor-Abenteuer.",Schlafsäcke,Deuter,33,20,45.08,10,50.09,3-Personen,Grau,passend_zu_rucksack,2–3 Werktage,2025-08-05
OUTD-0024,Schlafsäcke L – Grau,"Hochwertiger schlafsäcke in der Größe L und Farbe Grau, ideal für Outdoor-Abenteuer.",Schlafsäcke,The North Face,8,12,163.27,0,163.27,L,Grau,kombinierbar_mit_schlafsack,Sofort lieferbar,2025-08-05
OUTD-0025,Schlafsäcke One Size – Schwarz,"Hochwertiger schlafsäcke in der Größe One Size und Farbe Schwarz, ideal für Outdoor-Abenteuer.",Schlafsäcke,The North Face,74,6,167.56,10,186.18,One Size,Schwarz,kombinierbar_mit_schlafsack,Vorbestellung,2025-08-05
OUTD-0026,Trekkingstöcke M – Blau,"Hochwertiger trekkingstöcke in der Größe M und Farbe Blau, ideal für Outdoor-Abenteuer.",Trekkingstöcke,Jack Wolfskin,3,19,160.00,5,180.59,M,Blau,passend_zu_rucksack,Vorbestellung,2025-08-05
OUTD-0027,Zelte M – Schwarz,"Hochwertiger zelte in der Größe M und Farbe Schwarz, ideal für Outdoor-Abenteuer.",Zelte,The North Face,22,17,112.64,5,118.57,M,Schwarz,ideal_für_zelt,Sofort lieferbar,2025-08-05
OUTD-0028,Wanderschuhe 60L – Grün,"Hochwertiger wanderschuhe in der Größe 60L und Farbe Grün, ideal für Outdoor-Abenteuer.",Wanderschuhe,Vaude,112,9,75.96,0,75.96,60L,Grün,passend_zu_rucksack,Nicht auf Lager,2025-08-05
OUTD-0029,Zelte 3-Personen – Grau,"Hochwertiger zelte in der Größe 3-Personen und Farbe Grau, ideal für Outdoor-Abenteuer.",Zelte,Deuter,120,10,193.63,20,242.04,3-Personen,Grau,ideal_für_zelt,2–3 Werktage,2025-08-05
OUTD-0030,Zelte 60L – Blau,"Hochwertiger zelte in der Größe 60L und Farbe Blau, ideal für Outdoor-Abenteuer.",Zelte,Jack Wolfskin,140,19,233.16,15,274.31,60L,Blau,für_wanderschuhe,2–3 Werktage,2025-08-05
OUTD-0031,Isomatten 2-Personen – Oliv,"Hochwertiger isomatten in der Größe 2-Personen und Farbe Oliv, ideal für Outdoor-Abenteuer.",Isomatten,Mammut,35,6,221.66,5,233.33,2-Personen,Oliv,ideal_für_zelt,Nicht auf Lager,2025-08-05
OUTD-0032,Outdoor-Bekleidung 2-Personen – Grau,"Hochwertiger outdoor-bekleidung in der Größe 2-Personen und Farbe Grau, ideal für Outdoor-Abenteuer.",Outdoor-Bekleidung,Deuter,38,20,152.61,0,152.61,2-Personen,Grau,ideal_für_zelt,Nicht auf Lager,2025-08-05
OUTD-0033,Wanderschuhe L – Orange,"Hochwertiger wanderschuhe in der Größe L und Farbe Orange, ideal für Outdoor-Abenteuer.",Wanderschuhe,Vaude,98,8,120.6,15,141.88,L,Orange,ergänzt_bekleidung,Sofort lieferbar,2025-08-05
OUTD-0034,Zelte One Size – Grau,"Hochwertiger zelte in der Größe One Size und Farbe Grau, ideal für Outdoor-Abenteuer.",Zelte,Columbia,141,6,73.04,20,91.3,One Size,Grau,ideal_für_zelt,2–3 Werktage,2025-08-05
OUTD-0035,Outdoor-Bekleidung XL – Rot,"Hochwertiger outdoor-bekleidung in der Größe XL und Farbe Rot, ideal für Outdoor-Abenteuer.",Outdoor-Bekleidung,Mammut,78,16,141.76,5,149.22,XL,Rot,für_wanderschuhe,2–3 Werktage,2025-08-05
OUTD-0036,Trekkingstöcke L – Grün,"Hochwertiger trekkingstöcke in der Größe L und Farbe Grün, ideal für Outdoor-Abenteuer.",Trekkingstöcke,Vaude,60,16,263.74,5,277.62,L,Grün,kombinierbar_mit_schlafsack,Nicht auf Lager,2025-08-05
OUTD-0037,Trekkingstöcke 2-Personen – Rot,"Hochwertiger trekkingstöcke in der Größe 2-Personen und Farbe Rot, ideal für Outdoor-Abenteuer.",Trekkingstöcke,Columbia,115,7,234.17,15,275.49,2-Personen,Rot,für_wanderschuhe,Nicht auf Lager,2025-08-05
OUTD-0038,Schlafsäcke M – Orange,"Hochwertiger schlafsäcke in der Größe M und Farbe Orange, ideal für Outdoor-Abenteuer.",Schlafsäcke,Deuter,130,16,189.86,0,189.86,M,Orange,ideal_für_zelt,Sofort lieferbar,2025-08-05
OUTD-0039,Isomatten L – Schwarz,"Hochwertiger isomatten in der Größe L und Farbe Schwarz, ideal für Outdoor-Abenteuer.",Isomatten,The North Face,0,15,247.72,15,291.43,L,Schwarz,für_wanderschuhe,2–3 Werktage,2025-08-05
OUTD-0040,Schlafsäcke XL – Grün,"Hochwertiger schlafsäcke in der Größe XL und Farbe Grün, ideal für Outdoor-Abenteuer.",Schlafsäcke,Mammut,89,19,202.26,20,252.83,XL,Grün,ideal_für_zelt,2–3 Werktage,2025-08-05
OUTD-0041,Rucksäcke L – Grün,"Hochwertiger rucksäcke in der Größe L und Farbe Grün, ideal für Outdoor-Abenteuer.",,Vaude,86,15,192.92,20,241.15,L,Grün,passend_zu_rucksack,2–3 Werktage,2025-08-05
OUTD-0042,Trekkingstöcke S – Oliv,"Hochwertiger trekkingstöcke in der Größe S und Farbe Oliv, ideal für Outdoor-Abenteuer.",Trekkingstöcke,The North Face,55,17,155.84,10,173.16,S,Oliv,kombinierbar_mit_schlafsack,Nicht auf Lager,2025-08-05
OUTD-0043,Zelte 60L – Grün,"Hochwertiger zelte in der Größe 60L und Farbe Grün, ideal für Outdoor-Abenteuer.",Zelte,Salewa,102,7,220.36,20,275.45,60L,Grün,ideal_für_zelt,Vorbestellung,2025-08-05
OUTD-0044,Schlafsäcke 2-Personen – Rot,"Hochwertiger schlafsäcke in der Größe 2-Personen und Farbe Rot, ideal für Outdoor-Abenteuer.",Schlafsäcke,Vaude,95,20,201.08,5,211.66,2-Personen,Rot,ideal_für_zelt,Sofort lieferbar,2025-08-05
OUTD-0045,Zelte One Size – Grün,"Hochwertiger zelte in der Größe One Size und Farbe Grün, ideal für Outdoor-Abenteuer.",Zelte,Jack Wolfskin,4,19,59.9,15,70.47,One Size,Grün,ideal_für_zelt,2–3 Werktage,2025-08-05
OUTD-0046,Rucksäcke XL – Schwarz,"Hochwertiger rucksäcke in der Größe XL und Farbe Schwarz, ideal für Outdoor-Abenteuer.",Rucksäcke,Columbia,55,15,157.58,15,185.39,XL,Schwarz,ergänzt_bekleidung,Sofort lieferbar,2025-08-05
OUTD-0047,Rucksäcke S – Oliv,"Hochwertiger rucksäcke in der Größe S und Farbe Oliv, ideal für Outdoor-Abenteuer.",Rucksäcke,Deuter,27,19,226.36,0,226.36,S,Oliv,ideal_für_zelt,Sofort lieferbar,2025-08-05
OUTD-0048,Rucksäcke M – Oliv,"Hochwertiger rucksäcke in der Größe M und Farbe Oliv, ideal für Outdoor-Abenteuer.",Rucksäcke,Salewa,1,11,241.59,15,284.22,M,Oliv,für_wanderschuhe,2–3 Werktage,2025-08-05
OUTD-0049,Rucksäcke L – Schwarz,"Hochwertiger rucksäcke in der Größe L und Farbe Schwarz, ideal für Outdoor-Abenteuer.",Rucksäcke,Deuter,81,12,128.43,5,135.19,L,Schwarz,ideal_für_zelt,2–3 Werktage,2025-08-05
OUTD-0050,Rucksäcke 60L – Grün,"Hochwertiger rucksäcke in der Größe 60L und Farbe Grün, ideal für Outdoor-Abenteuer.",Rucksäcke,The North Face,128,10,162.93,5,171.51,60L,Grün,passend_zu_rucksack,Sofort lieferbar,2025-08-05
OUTD-0051,Schlafsäcke M – Grau,"Hochwertiger schlafsäcke in der Größe M und Farbe Grau, ideal für Outdoor-Abenteuer.",Schlafsäcke,Jack Wolfskin,48,17,165.45,10,183.83,M,Grau,ideal_für_zelt,2–3 Werktage,2025-08-05
OUTD-0052,Wanderschuhe S – Blau,"Hochwertiger wanderschuhe in der Größe S und Farbe Blau, ideal für Outdoor-Abenteuer.",Wanderschuhe,Columbia,118,18,166.53,20,208.16,S,Blau,passend_zu_rucksack,Nicht auf Lager,2025-08-05
OUTD-0053,Zelte XL – Grün,"Hochwertiger zelte in der Größe XL und Farbe Grün, ideal für Outdoor-Abenteuer.",Zelte,Columbia,11,15,95.62,0,95.62,XL,Grün,passend_zu_rucksack,Vorbestellung,2025-08-05
OUTD-0054,Zelte M – Grün,"Hochwertiger zelte in der Größe M und Farbe Grün, ideal für Outdoor-Abenteuer.",,Vaude,120,6,79.92,20,99.9,M,Grün,ideal_für_zelt,Sofort lieferbar,2025-08-05
OUTD-0055,Zelte S – Rot,"Hochwertiger zelte in der Größe S und Farbe Rot, ideal für Outdoor-Abenteuer.",Zelte,Deuter,88,19,105.12,0,105.12,S,Rot,passend_zu_rucksack,Nicht auf Lager,2025-08-05
OUTD-0056,Schlafsäcke L – Oliv,"Hochwertiger schlafsäcke in der Größe L und Farbe Oliv, ideal für Outdoor-Abenteuer.",Schlafsäcke,Vaude,106,17,207.31,20,259.14,L,Oliv,ideal_für_zelt,Vorbestellung,2025-08-05
OUTD-0057,Isomatten 3-Personen – Blau,"Hochwertiger isomatten in der Größe 3-Personen und Farbe Blau, ideal für Outdoor-Abenteuer.",Isomatten,The North Face,44,9,218.65,20,273.31,3-Personen,Blau,kombinierbar_mit_schlafsack,Vorbestellung,2025-08-05
OUTD-0058,Zelte 2-Personen – Schwarz,"Hochwertiger zelte in der Größe 2-Personen und Farbe Schwarz, ideal für Outdoor-Abenteuer.",Zelte,Salewa,138,5,64.18,10,71.31,2-Personen,Schwarz,kombinierbar_mit_schlafsack,Sofort lieferbar,2025-08-05
OUTD-0059,Trekkingstöcke L – Oliv,"Hochwertiger trekkingstöcke in der Größe L und Farbe Oliv, ideal für Outdoor-Abenteuer.",Trekkingstöcke,The North Face,26,6,203.03,20,253.79,L,Oliv,passend_zu_rucksack,2–3 Werktage,2025-08-05
OUTD-0060,Schlafsäcke XL – Grün,"Hochwertiger schlafsäcke in der Größe XL und Farbe Grün, ideal für Outdoor-Abenteuer.",Schlafsäcke,Columbia,69,17,48.87,5,51.44,XL,Grün,passend_zu_rucksack,2–3 Werktage,2025-08-05
OUTD-0061,Schlafsäcke 3-Personen – Grau,"Hochwertiger schlafsäcke in der Größe 3-Personen und Farbe Grau, ideal für Outdoor-Abenteuer.",Schlafsäcke,Deuter,57,13,297.12,0,297.12,3-Personen,Grau,für_wanderschuhe,Nicht auf Lager,2025-08-05
OUTD-0062,Schlafsäcke XL – Oliv,"Hochwertiger schlafsäcke in der Größe XL und Farbe Oliv, ideal für Outdoor-Abenteuer.",Schlafsäcke,Vaude,57,15,83.91,15,98.72,XL,Oliv,ergänzt_bekleidung,2–3 Werktage,2025-08-05
OUTD-0063,Trekkingstöcke XL – Grau,"Hochwertiger trekkingstöcke in der Größe XL und Farbe Grau, ideal für Outdoor-Abenteuer.",,Mammut,128,14,204.93,15,241.09,XL,Grau,ideal_für_zelt,2–3 Werktage,2025-08-05
OUTD-0064,Trekkingstöcke S – Schwarz,"Hochwertiger trekkingstöcke in der Größe S und Farbe Schwarz, ideal für Outdoor-Abenteuer.",Trekkingstöcke,Deuter,38,18,85.14,10,94.6,S,Schwarz,für_wanderschuhe,Sofort lieferbar,2025-08-05
OUTD-0065,Rucksäcke XL – Grün,"Hochwertiger rucksäcke in der Größe XL und Farbe Grün, ideal für Outdoor-Abenteuer.",Rucksäcke,Salewa,3,17,88.1,20,110.13,XL,Grün,ergänzt_bekleidung,Sofort lieferbar,2025-08-05
OUTD-0066,Schlafsäcke 3-Personen – Grün,"Hochwertiger schlafsäcke in der Größe 3-Personen und Farbe Grün, ideal für Outdoor-Abenteuer.",Schlafsäcke,The North Face,25,5,202.11,20,252.64,3-Personen,Grün,kombinierbar_mit_schlafsack,2–3 Werktage,2025-08-05
OUTD-0067,Isomatten L – Grau,"Hochwertiger isomatten in der Größe L und Farbe Grau, ideal für Outdoor-Abenteuer.",Isomatten,Deuter,11,9,212.81,15,250.37,L,Grau,kombinierbar_mit_schlafsack,Vorbestellung,2025-08-05
OUTD-0068,Isomatten 60L – Grau,"Hochwertiger isomatten in der Größe 60L und Farbe Grau, ideal für Outdoor-Abenteuer.",Isomatten,Mammut,108,14,57.21,20,71.51,60L,Grau,ideal_für_zelt,Nicht auf Lager,2025-08-05
OUTD-0069,Schlafsäcke One Size – Schwarz,"Hochwertiger schlafsäcke in der Größe One Size und Farbe Schwarz, ideal für Outdoor-Abenteuer.",Schlafsäcke,The North Face,11,10,109.11,5,114.85,One Size,Schwarz,kombinierbar_mit_schlafsack,2–3 Werktage,2025-08-05
OUTD-0070,Isomatten 60L – Blau,"Hochwertiger isomatten in der Größe 60L und Farbe Blau, ideal für Outdoor-Abenteuer.",Isomatten,Salewa,12,18,81.46,15,95.83,60L,Blau,passend_zu_rucksack,Nicht auf Lager,2025-08-05
OUTD-0071,Rucksäcke 3-Personen – Grün,"Hochwertiger rucksäcke in der Größe 3-Personen und Farbe Grün, ideal für Outdoor-Abenteuer.",Rucksäcke,The North Face,56,12,236.14,20,295.17,3-Personen,Grün,ideal_für_zelt,Nicht auf Lager,2025-08-05
OUTD-0072,Outdoor-Bekleidung L – Rot,"Hochwertiger outdoor-bekleidung in der Größe L und Farbe Rot, ideal für Outdoor-Abenteuer.",Outdoor-Bekleidung,Mammut,39,5,126.94,20,158.68,L,Rot,ergänzt_bekleidung,Nicht auf Lager,2025-08-05
OUTD-0073,Outdoor-Bekleidung XL – Schwarz,"Hochwertiger outdoor-bekleidung in der Größe XL und Farbe Schwarz, ideal für Outdoor-Abenteuer.",,Mammut,7,10,59.88,10,66.53,XL,Schwarz,für_wanderschuhe,Sofort lieferbar,2025-08-05
OUTD-0074,Schlafsäcke XL – Grün,"Hochwertiger schlafsäcke in der Größe XL und Farbe Grün, ideal für Outdoor-Abenteuer.",Schlafsäcke,Deuter,70,11,184.79,10,205.32,XL,Grün,passend_zu_rucksack,Vorbestellung,2025-08-05
OUTD-0075,Zelte One Size – Grau,"Hochwertiger zelte in der Größe One Size und Farbe Grau, ideal für Outdoor-Abenteuer.",Zelte,Jack Wolfskin,64,11,258.42,5,272.02,One Size,Grau,kombinierbar_mit_schlafsack,Vorbestellung,2025-08-05
OUTD-0076,Zelte 2-Personen – Grau,"Hochwertiger zelte in der Größe 2-Personen und Farbe Grau, ideal für Outdoor-Abenteuer.",Zelte,Salewa,71,14,91.4,20,114.25,2-Personen,Grau,ergänzt_bekleidung,Sofort lieferbar,2025-08-05
OUTD-0077,Trekkingstöcke 2-Personen – Schwarz,"Hochwertiger trekkingstöcke in der Größe 2-Personen und Farbe Schwarz, ideal für Outdoor-Abenteuer.",Trekkingstöcke,Jack Wolfskin,124,7,58.06,10,64.51,2-Personen,Schwarz,für_wanderschuhe,2–3 Werktage,2025-08-05
OUTD-0078,Rucksäcke S – Blau,"Hochwertiger rucksäcke in der Größe S und Farbe Blau, ideal für Outdoor-Abenteuer.",Rucksäcke,Salewa,121,9,75.52,10,83.91,S,Blau,ideal_für_zelt,2–3 Werktage,2025-08-05
OUTD-0079,Schlafsäcke 60L – Grün,"Hochwertiger schlafsäcke in der Größe 60L und Farbe Grün, ideal für Outdoor-Abenteuer.",Schlafsäcke,Deuter,50,8,115.97,5,122.07,60L,Grün,passend_zu_rucksack,Vorbestellung,2025-08-05
OUTD-0080,Trekkingstöcke 60L – Grau,"Hochwertiger trekkingstöcke in der Größe 60L und Farbe Grau, ideal für Outdoor-Abenteuer.",Trekkingstöcke,Columbia,122,10,177.31,5,186.64,60L,Grau,für_wanderschuhe,Vorbestellung,2025-08-05
OUTD-0081,Trekkingstöcke S – Grau,"Hochwertiger trekkingstöcke in der Größe S und Farbe Grau, ideal für Outdoor-Abenteuer.",Trekkingstöcke,Mammut,10,12,201.18,0,201.18,S,Grau,passend_zu_rucksack,2–3 Werktage,2025-08-05
OUTD-0082,Zelte M – Oliv,"Hochwertiger zelte in der Größe M und Farbe Oliv, ideal für Outdoor-Abenteuer.",Zelte,Deuter,17,18,138.79,5,146.1,M,Oliv,kombinierbar_mit_schlafsack,Vorbestellung,2025-08-05
OUTD-0083,Trekkingstöcke XL – Orange,"Hochwertiger trekkingstöcke in der Größe XL und Farbe Orange, ideal für Outdoor-Abenteuer.",Trekkingstöcke,Vaude,64,14,161.51,5,170.01,XL,Orange,ideal_für_zelt,Vorbestellung,2025-08-05
OUTD-0084,Schlafsäcke L – Grau,"Hochwertiger schlafsäcke in der Größe L und Farbe Grau, ideal für Outdoor-Abenteuer.",Schlafsäcke,Mammut,12,7,285.28,0,285.28,L,Grau,ideal_für_zelt,Nicht auf Lager,2025-08-05
OUTD-0085,Schlafsäcke S – Grau,"Hochwertiger schlafsäcke in der Größe S und Farbe Grau, ideal für Outdoor-Abenteuer.",Schlafsäcke,Deuter,66,15,83.38,20,104.22,S,Grau,für_wanderschuhe,Sofort lieferbar,2025-08-05
OUTD-0086,Schlafsäcke One Size – Orange,"Hochwertiger schlafsäcke in der Größe One Size und Farbe Orange, ideal für Outdoor-Abenteuer.",Schlafsäcke,Mammut,67,19,171.05,15,201.24,One Size,Orange,ideal_für_zelt,Nicht auf Lager,2025-08-05
OUTD-0087,Wanderschuhe One Size – Blau,"Hochwertiger wanderschuhe in der Größe One Size und Farbe Blau, ideal für Outdoor-Abenteuer.",Wanderschuhe,Mammut,27,10,151.55,15,178.29,One Size,Blau,ideal_für_zelt,Vorbestellung,2025-08-05
OUTD-0088,Trekkingstöcke M – Grau,"Hochwertiger trekkingstöcke in der Größe M und Farbe Grau, ideal für Outdoor-Abenteuer.",Trekkingstöcke,Deuter,82,7,229.17,20,286.46,M,Grau,ergänzt_bekleidung,Nicht auf Lager,2025-08-05
OUTD-0089,Wanderschuhe M – Schwarz,"Hochwertiger wanderschuhe in der Größe M und Farbe Schwarz, ideal für Outdoor-Abenteuer.",Wanderschuhe,Vaude,112,10,197.57,15,232.43,M,Schwarz,ergänzt_bekleidung,Sofort lieferbar,2025-08-05
OUTD-0090,Wanderschuhe 2-Personen – Orange,"Hochwertiger wanderschuhe in der Größe 2-Personen und Farbe Orange, ideal für Outdoor-Abenteuer.",Wanderschuhe,Mammut,18,5,255.71,10,284.12,2-Personen,Orange,für_wanderschuhe,Sofort lieferbar,2025-08-05
OUTD-0091,Trekkingstöcke 3-Personen – Schwarz,"Hochwertiger trekkingstöcke in der Größe 3-Personen und Farbe Schwarz, ideal für Outdoor-Abenteuer.",Trekkingstöcke,Jack Wolfskin,35,10,222.48,5,234.19,3-Personen,Schwarz,passend_zu_rucksack,Sofort lieferbar,2025-08-05
OUTD-0092,Outdoor-Bekleidung One Size – Grau,"Hochwertiger outdoor-bekleidung in der Größe One Size und Farbe Grau, ideal für Outdoor-Abenteuer.",Outdoor-Bekleidung,Columbia,37,6,246.53,15,290.03,One Size,Grau,kombinierbar_mit_schlafsack,Vorbestellung,2025-08-05
OUTD-0093,Outdoor-Bekleidung 2-Personen – Oliv,"Hochwertiger outdoor-bekleidung in der Größe 2-Personen und Farbe Oliv, ideal für Outdoor-Abenteuer.",Outdoor-Bekleidung,Vaude,140,6,119.45,15,140.53,2-Personen,Oliv,ideal_für_zelt,Nicht auf Lager,2025-08-05
OUTD-0094,Schlafsäcke S – Oliv,"Hochwertiger schlafsäcke in der Größe S und Farbe Oliv, ideal für Outdoor-Abenteuer.",Schlafsäcke,Columbia,18,11,175.74,20,219.68,S,Oliv,ideal_für_zelt,2–3 Werktage,2025-08-05
OUTD-0095,Outdoor-Bekleidung M – Rot,"Hochwertiger outdoor-bekleidung in der Größe M und Farbe Rot, ideal für Outdoor-Abenteuer.",Outdoor-Bekleidung,Mammut,63,19,53.87,5,56.7,M,Rot,für_wanderschuhe,2–3 Werktage,2025-08-05
OUTD-0096,Rucksäcke 60L – Blau,"Hochwertiger rucksäcke in der Größe 60L und Farbe Blau, ideal für Outdoor-Abenteuer.",Rucksäcke,Columbia,0,9,220.53,5,232.14,60L,Blau,kombinierbar_mit_schlafsack,Vorbestellung,2025-08-05
OUTD-0097,Rucksäcke XL – Blau,"Hochwertiger rucksäcke in der Größe XL und Farbe Blau, ideal für Outdoor-Abenteuer.",Rucksäcke,Mammut,50,6,177.5,20,221.88,XL,Blau,ideal_für_zelt,2–3 Werktage,2025-08-05
OUTD-0098,Wanderschuhe M – Blau,"Hochwertiger wanderschuhe in der Größe M und Farbe Blau, ideal für Outdoor-Abenteuer.",Wanderschuhe,Vaude,94,12,188.4,0,188.4,M,Blau,kombinierbar_mit_schlafsack,Nicht auf Lager,2025-08-05
OUTD-0099,Rucksäcke 3-Personen – Grau,"Hochwertiger rucksäcke in der Größe 3-Personen und Farbe Grau, ideal für Outdoor-Abenteuer.",Rucksäcke,Vaude,123,11,155.54,20,194.43,3-Personen,Grau,passend_zu_rucksack,Sofort lieferbar,2025-08-05
OUTD-0100,Schlafsäcke 3-Personen – Rot,"Hochwertiger schlafsäcke in der Größe 3-Personen und Farbe Rot, ideal für Outdoor-Abenteuer.",Schlafsäcke,Mammut,58,14,97.48,0,97.48,3-Personen,Rot,passend_zu_rucksack,2–3 Werktage,2025-08-05
OUTD-0101,Rucksäcke 3-Personen – Schwarz,"Hochwertiger rucksäcke in der Größe 3-Personen und Farbe Schwarz, ideal für Outdoor-Abenteuer.",Rucksäcke,Vaude,19,9,143.65,10,159.61,3-Personen,Schwarz,für_wanderschuhe,Nicht auf Lager,2025-08-05
OUTD-0102,Wanderschuhe 2-Personen – Grün,"Hochwertiger wanderschuhe in der Größe 2-Personen und Farbe Grün, ideal für Outdoor-Abenteuer.",Wanderschuhe,Mammut,117,8,231.25,10,256.95,2-Personen,Grün,für_wanderschuhe,Vorbestellung,2025-08-05
OUTD-0103,Wanderschuhe XL – Oliv,"Hochwertiger wanderschuhe in der Größe XL und Farbe Oliv, ideal für Outdoor-Abenteuer.",Wanderschuhe,Vaude,46,5,99.28,0,99.28,XL,Oliv,ideal_für_zelt,Sofort lieferbar,2025-08-05
OUTD-0104,Outdoor-Bekleidung M – Orange,"Hochwertiger outdoor-bekleidung in der Größe M und Farbe Orange, ideal für Outdoor-Abenteuer.",Outdoor-Bekleidung,Vaude,48,6,95.62,10,106.24,M,Orange,für_wanderschuhe,Vorbestellung,2025-08-05
OUTD-0105,Zelte One Size – Rot,"Hochwertiger zelte in der Größe One Size und Farbe Rot, ideal für Outdoor-Abenteuer.",Zelte,Deuter,70,10,279.36,5,294.06,One Size,Rot,ergänzt_bekleidung,Sofort lieferbar,2025-08-05
OUTD-0106,Trekkingstöcke XL – Grün,"Hochwertiger trekkingstöcke in der Größe XL und Farbe Grün, ideal für Outdoor-Abenteuer.",Trekkingstöcke,Mammut,118,13,193.31,10,214.79,XL,Grün,ergänzt_bekleidung,Vorbestellung,2025-08-05
OUTD-0107,Zelte One Size – Oliv,"Hochwertiger zelte in der Größe One Size und Farbe Oliv, ideal für Outdoor-Abenteuer.",Zelte,Deuter,51,8,145.7,0,145.7,One Size,Oliv,für_wanderschuhe,Sofort lieferbar,2025-08-05
OUTD-0108,Schlafsäcke 60L – Orange,"Hochwertiger schlafsäcke in der Größe 60L und Farbe Orange, ideal für Outdoor-Abenteuer.",Schlafsäcke,Vaude,129,7,59.5,10,66.11,60L,Orange,für_wanderschuhe,2–3 Werktage,2025-08-05
OUTD-0109,Trekkingstöcke S – Schwarz,"Hochwertiger trekkingstöcke in der Größe S und Farbe Schwarz, ideal für Outdoor-Abenteuer.",Trekkingstöcke,Columbia,34,18,140.12,5,147.49,S,Schwarz,kombinierbar_mit_schlafsack,2–3 Werktage,2025-08-05
OUTD-0110,Rucksäcke XL – Oliv,"Hochwertiger rucksäcke in der Größe XL und Farbe Oliv, ideal für Outdoor-Abenteuer.",Rucksäcke,Deuter,98,5,238.59,0,238.59,XL,Oliv,passend_zu_rucksack,Nicht auf Lager,2025-08-05
OUTD-0111,Outdoor-Bekleidung L – Oliv,"Hochwertiger outdoor-bekleidung in der Größe L und Farbe Oliv, ideal für Outdoor-Abenteuer.",Outdoor-Bekleidung,The North Face,92,13,88.12,5,92.76,L,Oliv,ergänzt_bekleidung,Vorbestellung,2025-08-05
OUTD-0112,Schlafsäcke One Size – Rot,"Hochwertiger schlafsäcke in der Größe One Size und Farbe Rot, ideal für Outdoor-Abenteuer.",Schlafsäcke,Vaude,104,19,122.59,20,153.24,One Size,Rot,kombinierbar_mit_schlafsack,2–3 Werktage,2025-08-05
OUTD-0113,Zelte L – Oliv,"Hochwertiger zelte in der Größe L und Farbe Oliv, ideal für Outdoor-Abenteuer.",Zelte,The North Face,133,17,252.37,10,280.41,L,Oliv,ergänzt_bekleidung,Vorbestellung,2025-08-05
OUTD-0114,Wanderschuhe XL – Oliv,"Hochwertiger wanderschuhe in der Größe XL und Farbe Oliv, ideal für Outdoor-Abenteuer.",Wanderschuhe,The North Face,144,20,61.54,20,76.93,XL,Oliv,ideal_für_zelt,Sofort lieferbar,2025-08-03
OUTD-0115,Trekkingstöcke 2-Personen – Grün,"Hochwertiger trekkingstöcke in der Größe 2-Personen und Farbe Grün, ideal für Outdoor-Abenteuer.",Trekkingstöcke,Mammut,29,17,59.86,10,66.51,2-Personen,Grün,kombinierbar_mit_schlafsack,Sofort lieferbar,2025-08-05
OUTD-0116,Schlafsäcke 3-Personen – Rot,"Hochwertiger schlafsäcke in der Größe 3-Personen und Farbe Rot, ideal für Outdoor-Abenteuer.",Schlafsäcke,The North Face,98,10,152.42,10,169.36,3-Personen,Rot,für_wanderschuhe,2–3 Werktage,2025-08-05
OUTD-0117,Wanderschuhe 3-Personen – Rot,"Hochwertiger wanderschuhe in der Größe 3-Personen und Farbe Rot, ideal für Outdoor-Abenteuer.",Wanderschuhe,Columbia,10,16,239.95,0,239.95,3-Personen,Rot,ideal_für_zelt,Sofort lieferbar,2025-08-05
OUTD-0118,Isomatten One Size – Orange,"Hochwertiger isomatten in der Größe One Size und Farbe Orange, ideal für Outdoor-Abenteuer.",Isomatten,Columbia,71,20,235.98,10,262.2,One Size,Orange,für_wanderschuhe,Vorbestellung,2025-08-05
OUTD-0119,Wanderschuhe One Size – Rot,"Hochwertiger wanderschuhe in der Größe One Size und Farbe Rot, ideal für Outdoor-Abenteuer.",Wanderschuhe,Vaude,130,12,44.38,15,52.21,One Size,Rot,kombinierbar_mit_schlafsack,Vorbestellung,2025-08-05
OUTD-0120,Outdoor-Bekleidung One Size – Orange,"Hochwertiger outdoor-bekleidung in der Größe One Size und Farbe Orange, ideal für Outdoor-Abenteuer.",Outdoor-Bekleidung,The North Face,126,9,144.22,10,160.25,One Size,Orange,ideal_für_zelt,Nicht auf Lager,2025-08-05
OUTD-0121,Trekkingstöcke M – Rot,"Hochwertiger trekkingstöcke in der Größe M und Farbe Rot, ideal für Outdoor-Abenteuer.",Trekkingstöcke,Deuter,79,17,131.53,20,164.41,M,Rot,kombinierbar_mit_schlafsack,Sofort lieferbar,2025-08-05
OUTD-0122,Schlafsäcke L – Schwarz,"Hochwertiger schlafsäcke in der Größe L und Farbe Schwarz, ideal für Outdoor-Abenteuer.",Schlafsäcke,Salewa,59,16,52.99,5,55.78,L,Schwarz,ideal_für_zelt,Nicht auf Lager,2025-08-05
OUTD-0123,Rucksäcke 2-Personen – Blau,"Hochwertiger rucksäcke in der Größe 2-Personen und Farbe Blau, ideal für Outdoor-Abenteuer.",Rucksäcke,Columbia,115,12,78.47,10,87.19,2-Personen,Blau,für_wanderschuhe,Sofort lieferbar,2025-08-05
OUTD-0124,Schlafsäcke XL – Schwarz,"Hochwertiger schlafsäcke in der Größe XL und Farbe Schwarz, ideal für Outdoor-Abenteuer.",Schlafsäcke,Mammut,88,18,116.3,5,122.42,XL,Schwarz,ideal_für_zelt,2–3 Werktage,2025-08-05
OUTD-0125,Schlafsäcke One Size – Rot,"Hochwertiger schlafsäcke in der Größe One Size und Farbe Rot, ideal für Outdoor-Abenteuer.",Schlafsäcke,Deuter,84,12,129.24,0,129.24,One Size,Rot,kombinierbar_mit_schlafsack,Vorbestellung,2025-08-05
OUTD-0126,Rucksäcke 60L – Grau,"Hochwertiger rucksäcke in der Größe 60L und Farbe Grau, ideal für Outdoor-Abenteuer.",Rucksäcke,Mammut,55,11,132.66,0,132.66,60L,Grau,für_wanderschuhe,Vorbestellung,2025-08-05
OUTD-0127,Isomatten 3-Personen – Grau,"Hochwertiger isomatten in der Größe 3-Personen und Farbe Grau, ideal für Outdoor-Abenteuer.",Isomatten,Columbia,91,20,244.22,5,257.07,3-Personen,Grau,kombinierbar_mit_schlafsack,2–3 Werktage,2025-08-05
OUTD-0128,Trekkingstöcke One Size – Orange,"Hochwertiger trekkingstöcke in der Größe One Size und Farbe Orange, ideal für Outdoor-Abenteuer.",Trekkingstöcke,Deuter,91,11,150.24,5,158.15,One Size,Orange,ideal_für_zelt,Nicht auf Lager,2025-08-05
OUTD-0129,Schlafsäcke 3-Personen – Oliv,"Hochwertiger schlafsäcke in der Größe 3-Personen und Farbe Oliv, ideal für Outdoor-Abenteuer.",Schlafsäcke,Salewa,110,16,115.5,10,128.33,3-Personen,Oliv,ideal_für_zelt,Sofort lieferbar,2025-08-05
OUTD-0130,Schlafsäcke XL – Rot,"Hochwertiger schlafsäcke in der Größe XL und Farbe Rot, ideal für Outdoor-Abenteuer.",Schlafsäcke,Deuter,100,6,149.36,5,157.22,XL,Rot,ideal_für_zelt,Nicht auf Lager,2025-08-05
OUTD-0131,Wanderschuhe S – Blau,"Hochwertiger wanderschuhe in der Größe S und Farbe Blau, ideal für Outdoor-Abenteuer.",Wanderschuhe,Salewa,45,14,53.79,15,63.28,S,Blau,für_wanderschuhe,2–3 Werktage,2025-08-05
OUTD-0132,Rucksäcke XL – Oliv,"Hochwertiger rucksäcke in der Größe XL und Farbe Oliv, ideal für Outdoor-Abenteuer.",Rucksäcke,Salewa,39,11,237.04,15,278.87,XL,Oliv,ideal_für_zelt,Sofort lieferbar,2025-08-05
OUTD-0133,Trekkingstöcke 2-Personen – Grün,"Hochwertiger trekkingstöcke in der Größe 2-Personen und Farbe Grün, ideal für Outdoor-Abenteuer.",Trekkingstöcke,Deuter,33,18,97.15,5,102.26,2-Personen,Grün,für_wanderschuhe,Vorbestellung,2025-08-05
OUTD-0134,Isomatten XL – Oliv,"Hochwertiger isomatten in der Größe XL und Farbe Oliv, ideal für Outdoor-Abenteuer.",Isomatten,Deuter,76,14,229.58,10,255.09,XL,Oliv,ergänzt_bekleidung,Vorbestellung,2025-08-05
OUTD-0135,Outdoor-Bekleidung L – Oliv,"Hochwertiger outdoor-bekleidung in der Größe L und Farbe Oliv, ideal für Outdoor-Abenteuer.",Outdoor-Bekleidung,Jack Wolfskin,104,14,88.72,5,93.39,L,Oliv,für_wanderschuhe,Vorbestellung,2025-08-05
OUTD-0136,Rucksäcke L – Blau,"Hochwertiger rucksäcke in der Größe L und Farbe Blau, ideal für Outdoor-Abenteuer.",Rucksäcke,Vaude,101,5,278.6,0,278.6,L,Blau,für_wanderschuhe,Nicht auf Lager,2025-08-05
OUTD-0137,Isomatten XL – Schwarz,"Hochwertiger isomatten in der Größe XL und Farbe Schwarz, ideal für Outdoor-Abenteuer.",Isomatten,Deuter,5,19,212.77,0,212.77,XL,Schwarz,für_wanderschuhe,Nicht auf Lager,2025-08-05
OUTD-0138,Rucksäcke 2-Personen – Grau,"Hochwertiger rucksäcke in der Größe 2-Personen und Farbe Grau, ideal für Outdoor-Abenteuer.",Rucksäcke,The North Face,142,11,68.71,10,76.34,2-Personen,Grau,ergänzt_bekleidung,Nicht auf Lager,2025-08-05
OUTD-0139,Isomatten 3-Personen – Blau,"Hochwertiger isomatten in der Größe 3-Personen und Farbe Blau, ideal für Outdoor-Abenteuer.",Isomatten,Jack Wolfskin,80,9,102.69,10,114.1,3-Personen,Blau,für_wanderschuhe,Nicht auf Lager,2025-08-05
OUTD-0140,Schlafsäcke 60L – Blau,"Hochwertiger schlafsäcke in der Größe 60L und Farbe Blau, ideal für Outdoor-Abenteuer.",Schlafsäcke,Jack Wolfskin,116,14,111.47,15,131.14,60L,Blau,kombinierbar_mit_schlafsack,Vorbestellung,2025-08-05
OUTD-0141,Schlafsäcke XL – Grau,"Hochwertiger schlafsäcke in der Größe XL und Farbe Grau, ideal für Outdoor-Abenteuer.",Schlafsäcke,Mammut,139,20,142.59,5,150.1,XL,Grau,ergänzt_bekleidung,Vorbestellung,2025-08-04
OUTD-0142,Trekkingstöcke S – Oliv,"Hochwertiger trekkingstöcke in der Größe S und Farbe Oliv, ideal für Outdoor-Abenteuer.",Trekkingstöcke,Columbia,117,15,214.29,5,225.57,S,Oliv,für_wanderschuhe,Vorbestellung,2025-08-05
OUTD-0143,Isomatten M – Grau,"Hochwertiger isomatten in der Größe M und Farbe Grau, ideal für Outdoor-Abenteuer.",Isomatten,Jack Wolfskin,128,14,230.5,10,256.11,M,Grau,ergänzt_bekleidung,Sofort lieferbar,2025-08-05
OUTD-0144,Trekkingstöcke 3-Personen – Grau,"Hochwertiger trekkingstöcke in der Größe 3-Personen und Farbe Grau, ideal für Outdoor-Abenteuer.",Trekkingstöcke,The North Face,32,7,54.35,15,63.94,3-Personen,Grau,passend_zu_rucksack,Vorbestellung,2025-08-05
OUTD-0145,Trekkingstöcke 2-Personen – Schwarz,"Hochwertiger trekkingstöcke in der Größe 2-Personen und Farbe Schwarz, ideal für Outdoor-Abenteuer.",Trekkingstöcke,Vaude,110,18,173.29,5,182.41,2-Personen,Schwarz,ergänzt_bekleidung,Vorbestellung,2025-08-05
OUTD-0146,Trekkingstöcke 2-Personen – Grau,"Hochwertiger trekkingstöcke in der Größe 2-Personen und Farbe Grau, ideal für Outdoor-Abenteuer.",Trekkingstöcke,Salewa,122,20,160.74,15,189.11,2-Personen,Grau,ergänzt_bekleidung,Sofort lieferbar,2025-08-05
OUTD-0147,Rucksäcke L – Grau,"Hochwertiger rucksäcke in der Größe L und Farbe Grau, ideal für Outdoor-Abenteuer.",Rucksäcke,Deuter,52,6,111.95,10,124.39,L,Grau,für_wanderschuhe,Nicht auf Lager,2025-08-05
OUTD-0148,Isomatten 60L – Rot,"Hochwertiger isomatten in der Größe 60L und Farbe Rot, ideal für Outdoor-Abenteuer.",Isomatten,Salewa,32,5,283.21,5,298.12,60L,Rot,ergänzt_bekleidung,Vorbestellung,2025-08-05
OUTD-0149,Rucksäcke 2-Personen – Rot,"Hochwertiger rucksäcke in der Größe 2-Personen und Farbe Rot, ideal für Outdoor-Abenteuer.",Rucksäcke,Columbia,126,20,202.94,5,213.62,2-Personen,Rot,ergänzt_bekleidung,Sofort lieferbar,2025-08-05
OUTD-0150,Zelte One Size – Grün,"Hochwertiger zelte in der Größe One Size und Farbe Grün, ideal für Outdoor-Abenteuer.",Zelte,Deuter,65,14,65.24,5,68.67,One Size,Grün,ergänzt_bekleidung,Vorbestellung,2025-08-05
OUTD-0151,Isomatten L – Orange,"Hochwertiger isomatten in der Größe L und Farbe Orange, ideal für Outdoor-Abenteuer.",Isomatten,Vaude,54,13,284.76,0,284.76,L,Orange,für_wanderschuhe,2–3 Werktage,2025-08-05
OUTD-0152,Wanderschuhe S – Grau,"Hochwertiger wanderschuhe in der Größe S und Farbe Grau, ideal für Outdoor-Abenteuer.",Wanderschuhe,The North Face,134,6,236.46,5,248.91,S,Grau,passend_zu_rucksack,Sofort lieferbar,2025-08-05
OUTD-0153,Rucksäcke L – Orange,"Hochwertiger rucksäcke in der Größe L und Farbe Orange, ideal für Outdoor-Abenteuer.",Rucksäcke,Mammut,107,7,206.5,0,206.5,L,Orange,kombinierbar_mit_schlafsack,2–3 Werktage,2025-08-05
OUTD-0154,Trekkingstöcke One Size – Oliv,"Hochwertiger trekkingstöcke in der Größe One Size und Farbe Oliv, ideal für Outdoor-Abenteuer.",Trekkingstöcke,Vaude,83,14,144.73,5,152.35,One Size,Oliv,kombinierbar_mit_schlafsack,Sofort lieferbar,2025-08-05
OUTD-0155,Isomatten M – Orange,"Hochwertiger isomatten in der Größe M und Farbe Orange, ideal für Outdoor-Abenteuer.",Isomatten,Salewa,74,14,49.35,15,58.06,M,Orange,ergänzt_bekleidung,Vorbestellung,2025-08-05
OUTD-0156,Wanderschuhe 2-Personen – Rot,"Hochwertiger wanderschuhe in der Größe 2-Personen und Farbe Rot, ideal für Outdoor-Abenteuer.",Wanderschuhe,Salewa,60,16,197.24,10,219.16,2-Personen,Rot,für_wanderschuhe,Sofort lieferbar,2025-08-05
OUTD-0157,Isomatten L – Schwarz,"Hochwertiger isomatten in der Größe L und Farbe Schwarz, ideal für Outdoor-Abenteuer.",Isomatten,Vaude,57,8,256.86,5,270.38,L,Schwarz,für_wanderschuhe,Vorbestellung,2025-08-05
OUTD-0158,Schlafsäcke 60L – Orange,"Hochwertiger schlafsäcke in der Größe 60L und Farbe Orange, ideal für Outdoor-Abenteuer.",Schlafsäcke,Columbia,35,16,91.02,5,95.81,60L,Orange,für_wanderschuhe,Vorbestellung,2025-08-02
OUTD-0159,Zelte 3-Personen – Grün,"Hochwertiger zelte in der Größe 3-Personen und Farbe Grün, ideal für Outdoor-Abenteuer.",Zelte,Jack Wolfskin,18,14,174.99,5,184.2,3-Personen,Grün,passend_zu_rucksack,Nicht auf Lager,2025-08-05
OUTD-0160,Zelte M – Blau,"Hochwertiger zelte in der Größe M und Farbe Blau, ideal für Outdoor-Abenteuer.",Zelte,Salewa,72,16,80.63,10,89.59,M,Blau,ideal_für_zelt,Nicht auf Lager,2025-08-05
OUTD-0161,Trekkingstöcke 60L – Oliv,"Hochwertiger trekkingstöcke in der Größe 60L und Farbe Oliv, ideal für Outdoor-Abenteuer.",Trekkingstöcke,Jack Wolfskin,71,16,130.93,0,130.93,60L,Oliv,passend_zu_rucksack,Sofort lieferbar,2025-08-05
OUTD-0162,Isomatten M – Blau,"Hochwertiger isomatten in der Größe M und Farbe Blau, ideal für Outdoor-Abenteuer.",Isomatten,Vaude,129,9,179.59,15,211.28,M,Blau,ergänzt_bekleidung,2–3 Werktage,2025-08-05
OUTD-0163,Trekkingstöcke 2-Personen – Schwarz,"Hochwertiger trekkingstöcke in der Größe 2-Personen und Farbe Schwarz, ideal für Outdoor-Abenteuer.",Trekkingstöcke,Salewa,15,17,169.54,0,169.54,2-Personen,Schwarz,passend_zu_rucksack,Vorbestellung,2025-08-05
OUTD-0164,Outdoor-Bekleidung 3-Personen – Grau,"Hochwertiger outdoor-bekleidung in der Größe 3-Personen und Farbe Grau, ideal für Outdoor-Abenteuer.",Outdoor-Bekleidung,Jack Wolfskin,15,11,232.0,10,257.78,3-Personen,Grau,kombinierbar_mit_schlafsack,2–3 Werktage,2025-08-05
OUTD-0165,Rucksäcke 3-Personen – Grün,"Hochwertiger rucksäcke in der Größe 3-Personen und Farbe Grün, ideal für Outdoor-Abenteuer.",Rucksäcke,Deuter,84,19,105.99,20,132.49,3-Personen,Grün,ideal_für_zelt,Vorbestellung,2025-08-05
OUTD-0166,Wanderschuhe 3-Personen – Oliv,"Hochwertiger wanderschuhe in der Größe 3-Personen und Farbe Oliv, ideal für Outdoor-Abenteuer.",Wanderschuhe,Vaude,140,20,92.81,20,116.01,3-Personen,Oliv,kombinierbar_mit_schlafsack,Sofort lieferbar,2025-08-05
OUTD-0167,Wanderschuhe XL – Grau,"Hochwertiger wanderschuhe in der Größe XL und Farbe Grau, ideal für Outdoor-Abenteuer.",Wanderschuhe,Salewa,80,6,159.2,15,187.29,XL,Grau,für_wanderschuhe,Sofort lieferbar,2025-08-05
OUTD-0168,Isomatten S – Grün,"Hochwertiger isomatten in der Größe S und Farbe Grün, ideal für Outdoor-Abenteuer.",Isomatten,Jack Wolfskin,62,9,126.04,5,132.67,S,Grün,ideal_für_zelt,Nicht auf Lager,2025-08-05
OUTD-0169,Rucksäcke XL – Orange,"Hochwertiger rucksäcke in der Größe XL und Farbe Orange, ideal für Outdoor-Abenteuer.",Rucksäcke,Columbia,4,15,131.92,20,164.9,XL,Orange,ergänzt_bekleidung,2–3 Werktage,2025-08-05
OUTD-0170,Outdoor-Bekleidung XL – Grün,"Hochwertiger outdoor-bekleidung in der Größe XL und Farbe Grün, ideal für Outdoor-Abenteuer.",Outdoor-Bekleidung,Columbia,33,17,79.8,15,93.88,XL,Grün,kombinierbar_mit_schlafsack,Nicht auf Lager,2025-08-05
OUTD-0171,Wanderschuhe M – Schwarz,"Hochwertiger wanderschuhe in der Größe M und Farbe Schwarz, ideal für Outdoor-Abenteuer.",Wanderschuhe,Salewa,143,7,230.75,20,288.44,M,Schwarz,ideal_für_zelt,Vorbestellung,2025-08-05
OUTD-0172,Isomatten One Size – Orange,"Hochwertiger isomatten in der Größe One Size und Farbe Orange, ideal für Outdoor-Abenteuer.",Isomatten,Mammut,95,5,43.33,20,54.16,One Size,Orange,passend_zu_rucksack,Sofort lieferbar,2025-08-05
OUTD-0173,Schlafsäcke 2-Personen – Grau,"Hochwertiger schlafsäcke in der Größe 2-Personen und Farbe Grau, ideal für Outdoor-Abenteuer.",Schlafsäcke,Columbia,70,17,120.22,20,150.28,2-Personen,Grau,kombinierbar_mit_schlafsack,2–3 Werktage,2025-08-05
OUTD-0174,Schlafsäcke 2-Personen – Schwarz,"Hochwertiger schlafsäcke in der Größe 2-Personen und Farbe Schwarz, ideal für Outdoor-Abenteuer.",Schlafsäcke,The North Face,13,20,261.1,10,290.11,2-Personen,Schwarz,kombinierbar_mit_schlafsack,Sofort lieferbar,2025-08-05
OUTD-0175,Outdoor-Bekleidung XL – Grün,"Hochwertiger outdoor-bekleidung in der Größe XL und Farbe Grün, ideal für Outdoor-Abenteuer.",Outdoor-Bekleidung,Salewa,119,14,228.68,0,228.68,XL,Grün,für_wanderschuhe,Nicht auf Lager,2025-08-05
OUTD-0176,Isomatten M – Orange,"Hochwertiger isomatten in der Größe M und Farbe Orange, ideal für Outdoor-Abenteuer.",Isomatten,Vaude,126,8,115.07,10,127.86,M,Orange,ergänzt_bekleidung,Vorbestellung,2025-08-05
OUTD-0177,Trekkingstöcke M – Schwarz,"Hochwertiger trekkingstöcke in der Größe M und Farbe Schwarz, ideal für Outdoor-Abenteuer.",Trekkingstöcke,Salewa,76,8,63.0,5,66.32,M,Schwarz,ideal_für_zelt,Vorbestellung,2025-08-05
OUTD-0178,Zelte L – Rot,"Hochwertiger zelte in der Größe L und Farbe Rot, ideal für Outdoor-Abenteuer.",Zelte,Columbia,39,18,168.33,0,168.33,L,Rot,passend_zu_rucksack,Sofort lieferbar,2025-08-05
OUTD-0179,Outdoor-Bekleidung 60L – Blau,"Hochwertiger outdoor-bekleidung in der Größe 60L und Farbe Blau, ideal für Outdoor-Abenteuer.",Outdoor-Bekleidung,The North Face,1,20,71.14,10,79.05,60L,Blau,passend_zu_rucksack,Sofort lieferbar,2025-08-05
OUTD-0180,Isomatten 2-Personen – Orange,"Hochwertiger isomatten in der Größe 2-Personen und Farbe Orange, ideal für Outdoor-Abenteuer.",Isomatten,The North Face,139,10,161.04,20,201.3,2-Personen,Orange,für_wanderschuhe,Vorbestellung,2025-08-05
OUTD-0181,Zelte XL – Oliv,"Hochwertiger zelte in der Größe XL und Farbe Oliv, ideal für Outdoor-Abenteuer.",Zelte,Columbia,132,7,182.36,15,214.54,XL,Oliv,kombinierbar_mit_schlafsack,2–3 Werktage,2025-08-05
OUTD-0182,Isomatten 2-Personen – Oliv,"Hochwertiger isomatten in der Größe 2-Personen und Farbe Oliv, ideal für Outdoor-Abenteuer.",Isomatten,Salewa,16,11,213.13,5,224.35,2-Personen,Oliv,passend_zu_rucksack,2–3 Werktage,2025-08-05
OUTD-0183,Wanderschuhe L – Orange,"Hochwertiger wanderschuhe in der Größe L und Farbe Orange, ideal für Outdoor-Abenteuer.",Wanderschuhe,The North Face,105,9,103.88,5,109.35,L,Orange,ergänzt_bekleidung,Vorbestellung,2025-08-05
OUTD-0184,Trekkingstöcke L – Rot,"Hochwertiger trekkingstöcke in der Größe L und Farbe Rot, ideal für Outdoor-Abenteuer.",Trekkingstöcke,Jack Wolfskin,124,15,51.16,20,63.95,L,Rot,für_wanderschuhe,Vorbestellung,2025-08-05
OUTD-0185,Rucksäcke 3-Personen – Orange,"Hochwertiger rucksäcke in der Größe 3-Personen und Farbe Orange, ideal für Outdoor-Abenteuer.",Rucksäcke,Deuter,150,9,254.8,15,299.77,3-Personen,Orange,ideal_für_zelt,Vorbestellung,2025-08-05
OUTD-0186,Outdoor-Bekleidung XL – Orange,"Hochwertiger outdoor-bekleidung in der Größe XL und Farbe Orange, ideal für Outdoor-Abenteuer.",Outdoor-Bekleidung,Salewa,79,13,84.0,10,93.33,XL,Orange,passend_zu_rucksack,Nicht auf Lager,2025-08-05
OUTD-0187,Isomatten L – Schwarz,"Hochwertiger isomatten in der Größe L und Farbe Schwarz, ideal für Outdoor-Abenteuer.",Isomatten,Salewa,74,6,81.7,15,96.12,L,Schwarz,für_wanderschuhe,2–3 Werktage,2025-08-05
OUTD-0188,Zelte 2-Personen – Blau,"Hochwertiger zelte in der Größe 2-Personen und Farbe Blau, ideal für Outdoor-Abenteuer.",Zelte,The North Face,52,19,52.8,15,62.12,2-Personen,Blau,kombinierbar_mit_schlafsack,Vorbestellung,2025-08-05
OUTD-0189,Isomatten 3-Personen – Grün,"Hochwertiger isomatten in der Größe 3-Personen und Farbe Grün, ideal für Outdoor-Abenteuer.",Isomatten,Vaude,64,11,130.34,5,137.2,3-Personen,Grün,für_wanderschuhe,2–3 Werktage,2025-08-05
OUTD-0190,Zelte S – Rot,"Hochwertiger zelte in der Größe S und Farbe Rot, ideal für Outdoor-Abenteuer.",Zelte,Mammut,139,5,299.15,0,299.15,S,Rot,ergänzt_bekleidung,Vorbestellung,2025-08-05
OUTD-0191,Trekkingstöcke 3-Personen – Grün,"Hochwertiger trekkingstöcke in der Größe 3-Personen und Farbe Grün, ideal für Outdoor-Abenteuer.",Trekkingstöcke,Jack Wolfskin,78,16,55.53,15,65.33,3-Personen,Grün,für_wanderschuhe,Sofort lieferbar,2025-08-05
OUTD-0192,Zelte 2-Personen – Grün,"Hochwertiger zelte in der Größe 2-Personen und Farbe Grün, ideal für Outdoor-Abenteuer.",Zelte,Mammut,51,20,220.12,0,220.12,2-Personen,Grün,ergänzt_bekleidung,Nicht auf Lager,2025-08-05
OUTD-0193,Wanderschuhe XL – Grau,"Hochwertiger wanderschuhe in der Größe XL und Farbe Grau, ideal für Outdoor-Abenteuer.",Wanderschuhe,Deuter,98,17,199.82,5,210.34,XL,Grau,kombinierbar_mit_schlafsack,Nicht auf Lager,2025-08-05
OUTD-0194,Schlafsäcke One Size – Orange,"Hochwertiger schlafsäcke in der Größe One Size und Farbe Orange, ideal für Outdoor-Abenteuer.",Schlafsäcke,Deuter,79,15,181.82,10,202.02,One Size,Orange,kombinierbar_mit_schlafsack,Vorbestellung,2025-08-05
OUTD-0195,Schlafsäcke 2-Personen – Orange,"Hochwertiger schlafsäcke in der Größe 2-Personen und Farbe Orange, ideal für Outdoor-Abenteuer.",Schlafsäcke,Vaude,139,17,241.05,10,267.83,2-Personen,Orange,ergänzt_bekleidung,Nicht auf Lager,2025-08-05
OUTD-0196,Wanderschuhe XL – Oliv,"Hochwertiger wanderschuhe in der Größe XL und Farbe Oliv, ideal für Outdoor-Abenteuer.",Wanderschuhe,Mammut,23,7,45.61,10,50.68,XL,Oliv,passend_zu_rucksack,Nicht auf Lager,2025-08-05
OUTD-0197,Schlafsäcke 2-Personen – Orange,"Hochwertiger schlafsäcke in der Größe 2-Personen und Farbe Orange, ideal für Outdoor-Abenteuer.",Schlafsäcke,Salewa,113,5,251.42,10,279.36,2-Personen,Orange,ideal_für_zelt,Sofort lieferbar,2025-08-05
OUTD-0198,Trekkingstöcke 2-Personen – Grün,"Hochwertiger trekkingstöcke in der Größe 2-Personen und Farbe Grün, ideal für Outdoor-Abenteuer.",Trekkingstöcke,Mammut,96,11,161.84,20,202.3,2-Personen,Grün,ideal_für_zelt,Sofort lieferbar,2025-08-05
OUTD-0199,Schlafsäcke One Size – Blau,"Hochwertiger schlafsäcke in der Größe One Size und Farbe Blau, ideal für Outdoor-Abenteuer.",Schlafsäcke,The North Face,58,13,61.38,5,64.61,One Size,Blau,passend_zu_rucksack,Vorbestellung,2025-08-01
OUTD-0200,Rucksäcke One Size – Rot,"Hochwertiger rucksäcke in der Größe One Size und Farbe Rot, ideal für Outdoor-Abenteuer.",Rucksäcke,The North Face,97,10,111.93,20,139.91,One Size,Rot,kombinierbar_mit_schlafsack,2–3 Werktage,2025-08-05
